City,Lat,Lng,Max Temp,Humidity,Cloudiness,Wind Speed,Date
New York City,40.7143,-74.006,8.52,63,20,6.6,2021-11-22 21:00:00
New York City,40.7143,-74.006,5.72,35,82,7.13,2021-11-23 21:00:00
New York City,40.7143,-74.006,8.49,32,1,3.27,2021-11-24 21:00:00
New York City,40.7143,-74.006,11.4,42,93,3.34,2021-11-25 21:00:00
New York City,40.7143,-74.006,5.34,51,61,8.72,2021-11-26 21:00:00
Los Angeles,34.0522,-118.2437,27.92,13,1,0.93,2021-11-22 21:00:00
Los Angeles,34.0522,-118.2437,22.83,23,2,2.11,2021-11-23 21:00:00
Los Angeles,34.0522,-118.2437,22.24,28,0,1.92,2021-11-24 21:00:00
Los Angeles,34.0522,-118.2437,23.47,6,0,1.12,2021-11-25 21:00:00
Los Angeles,34.0522,-118.2437,24.87,5,14,1.28,2021-11-26 21:00:00
Chicago,41.85,-87.65,2.17,30,20,5.25,2021-11-22 21:00:00
Chicago,41.85,-87.65,6.0,34,11,5.62,2021-11-23 21:00:00
Chicago,41.85,-87.65,10.67,51,100,7.23,2021-11-24 21:00:00
Chicago,41.85,-87.65,4.7,55,100,6.18,2021-11-25 21:00:00
Chicago,41.85,-87.65,0.54,27,100,1.51,2021-11-26 21:00:00
Houston,29.7633,-95.3633,21.52,48,1,4.76,2021-11-22 21:00:00
Houston,29.7633,-95.3633,20.12,38,85,4.3,2021-11-23 21:00:00
Houston,29.7633,-95.3633,21.89,69,100,4.99,2021-11-24 21:00:00
Houston,29.7633,-95.3633,18.97,94,100,3.31,2021-11-25 21:00:00
Houston,29.7633,-95.3633,16.03,42,100,3.2,2021-11-26 21:00:00
Phoenix,33.4484,-112.074,26.8,18,40,3.46,2021-11-22 21:00:00
Phoenix,33.4484,-112.074,25.36,19,93,1.85,2021-11-23 21:00:00
Phoenix,33.4484,-112.074,23.12,22,100,2.37,2021-11-24 21:00:00
Phoenix,33.4484,-112.074,24.04,11,0,3.46,2021-11-25 21:00:00
Phoenix,33.4484,-112.074,23.41,14,0,1.83,2021-11-26 21:00:00
Philadelphia,39.9523,-75.1638,9.04,62,20,5.34,2021-11-22 21:00:00
Philadelphia,39.9523,-75.1638,5.97,34,98,4.32,2021-11-23 21:00:00
Philadelphia,39.9523,-75.1638,7.68,32,1,2.43,2021-11-24 21:00:00
Philadelphia,39.9523,-75.1638,11.08,43,88,2.64,2021-11-25 21:00:00
Philadelphia,39.9523,-75.1638,5.73,48,63,6.93,2021-11-26 21:00:00
San Antonio,29.4241,-98.4936,21.12,27,1,4.0,2021-11-22 21:00:00
San Antonio,29.4241,-98.4936,21.18,29,99,4.79,2021-11-23 21:00:00
San Antonio,29.4241,-98.4936,22.07,76,100,5.73,2021-11-24 21:00:00
San Antonio,29.4241,-98.4936,19.97,51,35,9.28,2021-11-25 21:00:00
San Antonio,29.4241,-98.4936,16.13,34,100,3.19,2021-11-26 21:00:00
San Diego,32.7153,-117.1573,27.97,22,75,2.78,2021-11-22 21:00:00
San Diego,32.7153,-117.1573,20.61,48,100,3.23,2021-11-23 21:00:00
San Diego,32.7153,-117.1573,19.56,59,2,2.39,2021-11-24 21:00:00
San Diego,32.7153,-117.1573,24.61,19,0,5.87,2021-11-25 21:00:00
San Diego,32.7153,-117.1573,23.03,26,0,3.72,2021-11-26 21:00:00
Dallas,32.7668,-96.7836,18.62,26,20,2.33,2021-11-22 21:00:00
Dallas,32.7668,-96.7836,20.06,22,31,5.89,2021-11-23 21:00:00
Dallas,32.7668,-96.7836,21.12,68,99,5.97,2021-11-24 21:00:00
Dallas,32.7668,-96.7836,14.77,34,63,7.5,2021-11-25 21:00:00
Dallas,32.7668,-96.7836,13.27,19,100,0.54,2021-11-26 21:00:00
Austin,30.2672,-97.7431,20.4,32,1,3.92,2021-11-22 21:00:00
Austin,30.2672,-97.7431,19.88,32,100,4.96,2021-11-23 21:00:00
Austin,30.2672,-97.7431,22.18,77,100,5.53,2021-11-24 21:00:00
Austin,30.2672,-97.7431,18.78,53,25,8.05,2021-11-25 21:00:00
Austin,30.2672,-97.7431,14.75,30,100,2.57,2021-11-26 21:00:00
San Jose,37.3394,-121.895,23.13,47,20,0.74,2021-11-22 21:00:00
San Jose,37.3394,-121.895,18.18,44,94,3.24,2021-11-23 21:00:00
San Jose,37.3394,-121.895,18.51,21,46,2.1,2021-11-24 21:00:00
San Jose,37.3394,-121.895,21.05,23,29,0.9,2021-11-25 21:00:00
San Jose,37.3394,-121.895,20.41,27,88,1.17,2021-11-26 21:00:00
Fort Worth,32.7254,-97.3208,18.39,33,1,2.24,2021-11-22 21:00:00
Fort Worth,32.7254,-97.3208,20.21,22,10,7.08,2021-11-23 21:00:00
Fort Worth,32.7254,-97.3208,20.99,67,99,6.52,2021-11-24 21:00:00
Fort Worth,32.7254,-97.3208,14.51,31,39,8.38,2021-11-25 21:00:00
Fort Worth,32.7254,-97.3208,13.57,19,100,1.21,2021-11-26 21:00:00
Jacksonville,30.3322,-81.6556,21.78,63,90,3.99,2021-11-22 21:00:00
Jacksonville,30.3322,-81.6556,13.71,27,0,4.37,2021-11-23 21:00:00
Jacksonville,30.3322,-81.6556,17.42,51,64,3.73,2021-11-24 21:00:00
Jacksonville,30.3322,-81.6556,19.21,56,99,1.04,2021-11-25 21:00:00
Jacksonville,30.3322,-81.6556,19.95,59,94,4.12,2021-11-26 21:00:00
Columbus,39.9612,-82.9988,3.75,58,40,4.9,2021-11-22 21:00:00
Columbus,39.9612,-82.9988,4.35,34,5,2.3,2021-11-23 21:00:00
Columbus,39.9612,-82.9988,9.09,40,100,4.75,2021-11-24 21:00:00
Columbus,39.9612,-82.9988,6.8,91,100,3.7,2021-11-25 21:00:00
Columbus,39.9612,-82.9988,2.47,46,77,4.54,2021-11-26 21:00:00
Charlotte,35.2271,-80.8431,14.62,67,82,3.08,2021-11-22 21:00:00
Charlotte,35.2271,-80.8431,9.62,23,4,2.11,2021-11-23 21:00:00
Charlotte,35.2271,-80.8431,11.02,30,19,1.78,2021-11-24 21:00:00
Charlotte,35.2271,-80.8431,14.34,31,90,3.49,2021-11-25 21:00:00
Charlotte,35.2271,-80.8431,11.26,27,1,3.7,2021-11-26 21:00:00
Indianapolis,39.7684,-86.158,2.83,49,20,4.44,2021-11-22 21:00:00
Indianapolis,39.7684,-86.158,5.59,31,0,3.15,2021-11-23 21:00:00
Indianapolis,39.7684,-86.158,9.54,49,100,6.53,2021-11-24 21:00:00
Indianapolis,39.7684,-86.158,5.94,74,100,4.36,2021-11-25 21:00:00
Indianapolis,39.7684,-86.158,2.89,30,100,2.43,2021-11-26 21:00:00
San Francisco,37.7749,-122.4194,18.94,53,1,2.85,2021-11-22 21:00:00
San Francisco,37.7749,-122.4194,15.04,64,100,3.65,2021-11-23 21:00:00
San Francisco,37.7749,-122.4194,15.35,35,32,2.73,2021-11-24 21:00:00
San Francisco,37.7749,-122.4194,15.76,41,81,2.92,2021-11-25 21:00:00
San Francisco,37.7749,-122.4194,16.09,38,76,3.0,2021-11-26 21:00:00
Seattle,47.6062,-122.3321,8.3,75,90,3.37,2021-11-22 21:00:00
Seattle,47.6062,-122.3321,7.67,85,100,0.91,2021-11-23 21:00:00
Seattle,47.6062,-122.3321,8.5,68,100,2.22,2021-11-24 21:00:00
Seattle,47.6062,-122.3321,7.1,94,100,3.3,2021-11-25 21:00:00
Seattle,47.6062,-122.3321,11.57,88,100,4.26,2021-11-26 21:00:00
Denver,39.7392,-104.9847,19.92,13,0,0.92,2021-11-22 21:00:00
Denver,39.7392,-104.9847,17.08,10,100,1.95,2021-11-23 21:00:00
Denver,39.7392,-104.9847,7.65,35,100,4.04,2021-11-24 21:00:00
Denver,39.7392,-104.9847,10.74,15,0,3.35,2021-11-25 21:00:00
Denver,39.7392,-104.9847,15.42,22,31,1.11,2021-11-26 21:00:00
Washington,47.5001,-120.5015,7.38,53,98,1.76,2021-11-22 21:00:00
Washington,47.5001,-120.5015,9.74,38,8,4.43,2021-11-23 21:00:00
Washington,47.5001,-120.5015,5.63,54,100,1.42,2021-11-24 21:00:00
Washington,47.5001,-120.5015,3.77,89,100,1.2,2021-11-25 21:00:00
Washington,47.5001,-120.5015,12.28,72,64,0.55,2021-11-26 21:00:00
Boston,42.3584,-71.0598,10.35,67,90,4.41,2021-11-22 21:00:00
Boston,42.3584,-71.0598,3.42,36,5,5.18,2021-11-23 21:00:00
Boston,42.3584,-71.0598,5.23,28,3,3.53,2021-11-24 21:00:00
Boston,42.3584,-71.0598,9.36,41,100,0.4,2021-11-25 21:00:00
Boston,42.3584,-71.0598,4.14,79,100,6.19,2021-11-26 21:00:00
El Paso,31.8001,-106.2005,16.56,28,75,0.47,2021-11-22 21:00:00
El Paso,31.8001,-106.2005,18.53,27,98,2.53,2021-11-23 21:00:00
El Paso,31.8001,-106.2005,17.18,39,99,9.38,2021-11-24 21:00:00
El Paso,31.8001,-106.2005,13.34,27,94,7.78,2021-11-25 21:00:00
El Paso,31.8001,-106.2005,12.12,32,100,0.72,2021-11-26 21:00:00
Nashville,36.1659,-86.7844,7.16,43,1,4.34,2021-11-22 21:00:00
Nashville,36.1659,-86.7844,8.87,26,0,1.1,2021-11-23 21:00:00
Nashville,36.1659,-86.7844,12.33,47,99,4.86,2021-11-24 21:00:00
Nashville,36.1659,-86.7844,9.09,97,100,2.78,2021-11-25 21:00:00
Nashville,36.1659,-86.7844,7.29,35,0,1.7,2021-11-26 21:00:00
Oklahoma City,35.4676,-97.5164,17.64,35,20,6.34,2021-11-22 21:00:00
Oklahoma City,35.4676,-97.5164,20.11,25,0,9.6,2021-11-23 21:00:00
Oklahoma City,35.4676,-97.5164,20.76,58,100,8.7,2021-11-24 21:00:00
Oklahoma City,35.4676,-97.5164,10.49,30,38,7.81,2021-11-25 21:00:00
Oklahoma City,35.4676,-97.5164,14.1,24,28,6.77,2021-11-26 21:00:00
Las Vegas,36.175,-115.1372,18.69,16,1,1.56,2021-11-22 21:00:00
Las Vegas,36.175,-115.1372,20.69,14,99,1.19,2021-11-23 21:00:00
Las Vegas,36.175,-115.1372,16.62,11,1,7.03,2021-11-24 21:00:00
Las Vegas,36.175,-115.1372,16.05,10,0,3.2,2021-11-25 21:00:00
Las Vegas,36.175,-115.1372,16.97,9,26,0.94,2021-11-26 21:00:00
Detroit,42.3314,-83.0458,2.61,43,1,4.71,2021-11-22 21:00:00
Detroit,42.3314,-83.0458,2.94,38,0,2.68,2021-11-23 21:00:00
Detroit,42.3314,-83.0458,8.06,46,100,6.39,2021-11-24 21:00:00
Detroit,42.3314,-83.0458,6.46,83,100,4.26,2021-11-25 21:00:00
Detroit,42.3314,-83.0458,1.46,43,97,4.28,2021-11-26 21:00:00
Portland,45.5234,-122.6762,10.09,87,75,0.98,2021-11-22 21:00:00
Portland,45.5234,-122.6762,10.06,73,89,3.25,2021-11-23 21:00:00
Portland,45.5234,-122.6762,9.66,63,99,0.91,2021-11-24 21:00:00
Portland,45.5234,-122.6762,11.24,54,100,1.19,2021-11-25 21:00:00
Portland,45.5234,-122.6762,10.56,90,100,1.36,2021-11-26 21:00:00
Memphis,35.1495,-90.049,10.44,35,40,4.31,2021-11-22 21:00:00
Memphis,35.1495,-90.049,12.67,29,0,3.25,2021-11-23 21:00:00
Memphis,35.1495,-90.049,16.54,35,92,6.26,2021-11-24 21:00:00
Memphis,35.1495,-90.049,9.38,85,100,5.87,2021-11-25 21:00:00
Memphis,35.1495,-90.049,8.88,29,0,1.83,2021-11-26 21:00:00
Louisville,38.2542,-85.7594,4.74,50,1,3.82,2021-11-22 21:00:00
Louisville,38.2542,-85.7594,7.19,26,0,1.53,2021-11-23 21:00:00
Louisville,38.2542,-85.7594,10.92,45,100,4.96,2021-11-24 21:00:00
Louisville,38.2542,-85.7594,7.93,96,100,2.42,2021-11-25 21:00:00
Louisville,38.2542,-85.7594,5.66,31,45,2.26,2021-11-26 21:00:00
Milwaukee,43.0006,-87.9668,0.68,28,75,5.65,2021-11-22 21:00:00
Milwaukee,43.0006,-87.9668,5.34,37,28,6.07,2021-11-23 21:00:00
Milwaukee,43.0006,-87.9668,10.2,54,100,7.14,2021-11-24 21:00:00
Milwaukee,43.0006,-87.9668,2.08,61,99,6.36,2021-11-25 21:00:00
Milwaukee,43.0006,-87.9668,-0.75,30,100,1.16,2021-11-26 21:00:00
Baltimore,39.2904,-76.6122,9.53,45,75,5.51,2021-11-22 21:00:00
Baltimore,39.2904,-76.6122,6.08,33,46,5.01,2021-11-23 21:00:00
Baltimore,39.2904,-76.6122,8.42,31,2,1.99,2021-11-24 21:00:00
Baltimore,39.2904,-76.6122,11.84,38,63,1.77,2021-11-25 21:00:00
Baltimore,39.2904,-76.6122,5.38,44,6,8.16,2021-11-26 21:00:00
Albuquerque,35.0845,-106.6511,14.9,26,20,1.42,2021-11-22 21:00:00
Albuquerque,35.0845,-106.6511,15.61,23,75,3.04,2021-11-23 21:00:00
Albuquerque,35.0845,-106.6511,15.12,27,66,4.46,2021-11-24 21:00:00
Albuquerque,35.0845,-106.6511,10.41,27,0,1.59,2021-11-25 21:00:00
Albuquerque,35.0845,-106.6511,11.72,14,0,2.06,2021-11-26 21:00:00
Tucson,32.2217,-110.9265,25.07,19,1,6.06,2021-11-22 21:00:00
Tucson,32.2217,-110.9265,25.42,21,97,7.43,2021-11-23 21:00:00
Tucson,32.2217,-110.9265,20.29,31,74,1.1,2021-11-24 21:00:00
Tucson,32.2217,-110.9265,21.99,27,1,5.12,2021-11-25 21:00:00
Tucson,32.2217,-110.9265,21.8,23,0,4.92,2021-11-26 21:00:00
Mesa,33.4223,-111.8226,26.48,17,1,3.14,2021-11-22 21:00:00
Mesa,33.4223,-111.8226,25.55,19,93,2.79,2021-11-23 21:00:00
Mesa,33.4223,-111.8226,22.81,20,100,2.43,2021-11-24 21:00:00
Mesa,33.4223,-111.8226,23.69,14,0,3.29,2021-11-25 21:00:00
Mesa,33.4223,-111.8226,23.52,15,0,1.6,2021-11-26 21:00:00
Fresno,36.6666,-119.8343,20.74,93,90,0.19,2021-11-22 21:00:00
Fresno,36.6666,-119.8343,20.47,26,34,3.46,2021-11-23 21:00:00
Fresno,36.6666,-119.8343,16.27,39,27,0.42,2021-11-24 21:00:00
Fresno,36.6666,-119.8343,18.88,30,48,0.63,2021-11-25 21:00:00
Fresno,36.6666,-119.8343,18.67,27,80,2.7,2021-11-26 21:00:00
Sacramento,38.4666,-121.3177,18.47,66,1,0.62,2021-11-22 21:00:00
Sacramento,38.4666,-121.3177,16.65,42,65,3.44,2021-11-23 21:00:00
Sacramento,38.4666,-121.3177,15.65,27,26,1.74,2021-11-24 21:00:00
Sacramento,38.4666,-121.3177,16.34,31,90,1.19,2021-11-25 21:00:00
Sacramento,38.4666,-121.3177,17.52,32,52,2.31,2021-11-26 21:00:00
Atlanta,33.749,-84.388,14.48,44,1,6.09,2021-11-22 21:00:00
Atlanta,33.749,-84.388,11.77,21,0,3.19,2021-11-23 21:00:00
Atlanta,33.749,-84.388,13.2,22,44,2.35,2021-11-24 21:00:00
Atlanta,33.749,-84.388,16.44,37,41,3.54,2021-11-25 21:00:00
Atlanta,33.749,-84.388,10.29,28,27,5.42,2021-11-26 21:00:00
Kansas City,39.0997,-94.5786,8.82,34,1,3.55,2021-11-22 21:00:00
Kansas City,39.0997,-94.5786,15.58,42,0,6.91,2021-11-23 21:00:00
Kansas City,39.0997,-94.5786,16.27,67,100,5.16,2021-11-24 21:00:00
Kansas City,39.0997,-94.5786,4.44,29,1,5.47,2021-11-25 21:00:00
Kansas City,39.0997,-94.5786,13.48,33,10,6.51,2021-11-26 21:00:00
Colorado Springs,38.8339,-104.8214,16.86,15,40,1.67,2021-11-22 21:00:00
Colorado Springs,38.8339,-104.8214,17.11,15,100,4.36,2021-11-23 21:00:00
Colorado Springs,38.8339,-104.8214,5.05,59,94,4.27,2021-11-24 21:00:00
Colorado Springs,38.8339,-104.8214,8.31,23,0,2.3,2021-11-25 21:00:00
Colorado Springs,38.8339,-104.8214,15.81,20,0,0.82,2021-11-26 21:00:00
Raleigh,35.7721,-78.6386,12.0,81,75,4.66,2021-11-22 21:00:00
Raleigh,35.7721,-78.6386,7.92,27,1,4.5,2021-11-23 21:00:00
Raleigh,35.7721,-78.6386,9.95,30,0,1.45,2021-11-24 21:00:00
Raleigh,35.7721,-78.6386,14.09,32,78,3.83,2021-11-25 21:00:00
Raleigh,35.7721,-78.6386,9.58,33,0,6.24,2021-11-26 21:00:00
Omaha,41.2586,-95.9378,8.3,38,75,3.92,2021-11-22 21:00:00
Omaha,41.2586,-95.9378,16.05,35,0,8.41,2021-11-23 21:00:00
Omaha,41.2586,-95.9378,10.02,40,100,7.26,2021-11-24 21:00:00
Omaha,41.2586,-95.9378,1.98,29,0,4.13,2021-11-25 21:00:00
Omaha,41.2586,-95.9378,14.27,29,76,2.99,2021-11-26 21:00:00
Miami,25.7743,-80.1937,28.36,68,75,6.33,2021-11-22 21:00:00
Miami,25.7743,-80.1937,22.65,36,0,8.36,2021-11-23 21:00:00
Miami,25.7743,-80.1937,21.88,62,100,7.94,2021-11-24 21:00:00
Miami,25.7743,-80.1937,23.31,61,75,6.08,2021-11-25 21:00:00
Miami,25.7743,-80.1937,24.18,54,72,5.28,2021-11-26 21:00:00
Long Beach,33.767,-118.1892,28.52,11,1,1.35,2021-11-22 21:00:00
Long Beach,33.767,-118.1892,20.92,40,9,1.87,2021-11-23 21:00:00
Long Beach,33.767,-118.1892,19.5,56,0,1.68,2021-11-24 21:00:00
Long Beach,33.767,-118.1892,23.46,15,0,3.37,2021-11-25 21:00:00
Long Beach,33.767,-118.1892,23.55,14,6,2.39,2021-11-26 21:00:00
Virginia Beach,36.8529,-75.978,10.48,91,100,9.08,2021-11-22 21:00:00
Virginia Beach,36.8529,-75.978,6.86,42,3,8.47,2021-11-23 21:00:00
Virginia Beach,36.8529,-75.978,7.45,40,0,2.18,2021-11-24 21:00:00
Virginia Beach,36.8529,-75.978,13.28,45,75,4.45,2021-11-25 21:00:00
Virginia Beach,36.8529,-75.978,9.27,38,3,10.24,2021-11-26 21:00:00
Oakland,42.6667,-83.3999,1.52,49,20,5.41,2021-11-22 21:00:00
Oakland,42.6667,-83.3999,1.58,43,1,2.52,2021-11-23 21:00:00
Oakland,42.6667,-83.3999,6.29,51,100,6.86,2021-11-24 21:00:00
Oakland,42.6667,-83.3999,4.62,86,100,5.66,2021-11-25 21:00:00
Oakland,42.6667,-83.3999,0.24,47,97,4.72,2021-11-26 21:00:00
Minneapolis,44.98,-93.2638,0.09,47,75,2.01,2021-11-22 21:00:00
Minneapolis,44.98,-93.2638,7.88,46,99,5.46,2021-11-23 21:00:00
Minneapolis,44.98,-93.2638,3.48,69,100,5.72,2021-11-24 21:00:00
Minneapolis,44.98,-93.2638,-2.09,33,0,3.97,2021-11-25 21:00:00
Minneapolis,44.98,-93.2638,1.59,36,8,1.13,2021-11-26 21:00:00
Tampa,27.9475,-82.4584,23.35,66,40,6.1,2021-11-22 21:00:00
Tampa,27.9475,-82.4584,18.16,38,0,6.06,2021-11-23 21:00:00
Tampa,27.9475,-82.4584,20.42,51,3,6.49,2021-11-24 21:00:00
Tampa,27.9475,-82.4584,21.95,55,77,3.02,2021-11-25 21:00:00
Tampa,27.9475,-82.4584,21.31,53,37,5.46,2021-11-26 21:00:00
Tulsa,36.1001,-95.9003,15.82,34,1,3.79,2021-11-22 21:00:00
Tulsa,36.1001,-95.9003,17.88,33,0,8.03,2021-11-23 21:00:00
Tulsa,36.1001,-95.9003,18.9,69,100,8.57,2021-11-24 21:00:00
Tulsa,36.1001,-95.9003,9.24,35,42,7.14,2021-11-25 21:00:00
Tulsa,36.1001,-95.9003,13.71,29,1,5.85,2021-11-26 21:00:00
Arlington,32.7357,-97.1081,18.32,28,1,2.19,2021-11-22 21:00:00
Arlington,32.7357,-97.1081,20.07,21,12,6.34,2021-11-23 21:00:00
Arlington,32.7357,-97.1081,21.04,67,98,6.04,2021-11-24 21:00:00
Arlington,32.7357,-97.1081,14.57,32,46,7.74,2021-11-25 21:00:00
Arlington,32.7357,-97.1081,13.43,18,100,0.73,2021-11-26 21:00:00
Wichita,37.6922,-97.3375,15.25,39,40,3.54,2021-11-22 21:00:00
Wichita,37.6922,-97.3375,18.72,30,0,8.99,2021-11-23 21:00:00
Wichita,37.6922,-97.3375,18.71,33,100,4.76,2021-11-24 21:00:00
Wichita,37.6922,-97.3375,8.26,28,18,4.92,2021-11-25 21:00:00
Wichita,37.6922,-97.3375,15.87,26,0,5.86,2021-11-26 21:00:00
Bakersfield,35.3733,-119.0187,22.53,14,0,1.97,2021-11-22 21:00:00
Bakersfield,35.3733,-119.0187,21.18,21,28,2.49,2021-11-23 21:00:00
Bakersfield,35.3733,-119.0187,17.27,36,4,2.11,2021-11-24 21:00:00
Bakersfield,35.3733,-119.0187,21.2,12,48,1.02,2021-11-25 21:00:00
Bakersfield,35.3733,-119.0187,20.37,10,95,2.33,2021-11-26 21:00:00
Aurora,39.7294,-104.8319,19.75,13,20,0.39,2021-11-22 21:00:00
Aurora,39.7294,-104.8319,17.0,9,100,1.83,2021-11-23 21:00:00
Aurora,39.7294,-104.8319,8.01,25,100,3.23,2021-11-24 21:00:00
Aurora,39.7294,-104.8319,10.7,12,0,4.05,2021-11-25 21:00:00
Aurora,39.7294,-104.8319,16.03,19,30,0.93,2021-11-26 21:00:00
New Orleans,29.9547,-90.0751,19.47,78,90,5.37,2021-11-22 21:00:00
New Orleans,29.9547,-90.0751,15.78,33,0,2.56,2021-11-23 21:00:00
New Orleans,29.9547,-90.0751,21.3,51,91,4.63,2021-11-24 21:00:00
New Orleans,29.9547,-90.0751,22.54,55,50,2.82,2021-11-25 21:00:00
New Orleans,29.9547,-90.0751,17.71,45,66,3.45,2021-11-26 21:00:00
Cleveland,41.4995,-81.6954,2.58,62,90,6.95,2021-11-22 21:00:00
Cleveland,41.4995,-81.6954,2.4,48,5,4.0,2021-11-23 21:00:00
Cleveland,41.4995,-81.6954,8.37,45,100,6.67,2021-11-24 21:00:00
Cleveland,41.4995,-81.6954,6.66,92,100,5.22,2021-11-25 21:00:00
Cleveland,41.4995,-81.6954,1.84,53,100,7.11,2021-11-26 21:00:00
Anaheim,33.8353,-117.9145,28.77,11,1,0.53,2021-11-22 21:00:00
Anaheim,33.8353,-117.9145,22.42,30,24,2.7,2021-11-23 21:00:00
Anaheim,33.8353,-117.9145,21.78,35,0,1.8,2021-11-24 21:00:00
Anaheim,33.8353,-117.9145,24.71,7,0,3.01,2021-11-25 21:00:00
Anaheim,33.8353,-117.9145,25.29,7,5,1.71,2021-11-26 21:00:00
Henderson,36.0397,-114.9819,19.12,17,1,2.75,2021-11-22 21:00:00
Henderson,36.0397,-114.9819,23.26,13,100,4.83,2021-11-23 21:00:00
Henderson,36.0397,-114.9819,16.82,13,0,9.09,2021-11-24 21:00:00
Henderson,36.0397,-114.9819,15.65,11,0,5.12,2021-11-25 21:00:00
Henderson,36.0397,-114.9819,16.95,9,10,1.78,2021-11-26 21:00:00
Honolulu,21.3069,-157.8583,26.03,70,75,7.1,2021-11-22 21:00:00
Honolulu,21.3069,-157.8583,25.65,62,16,7.31,2021-11-23 21:00:00
Honolulu,21.3069,-157.8583,25.63,64,1,2.38,2021-11-24 21:00:00
Honolulu,21.3069,-157.8583,26.01,71,50,5.85,2021-11-25 21:00:00
Honolulu,21.3069,-157.8583,25.18,66,100,6.24,2021-11-26 21:00:00
Riverside,33.7333,-116.0508,23.89,11,1,0.53,2021-11-22 21:00:00
Riverside,33.7333,-116.0508,22.2,17,100,1.64,2021-11-23 21:00:00
Riverside,33.7333,-116.0508,21.65,11,0,5.28,2021-11-24 21:00:00
Riverside,33.7333,-116.0508,19.51,9,2,5.31,2021-11-25 21:00:00
Riverside,33.7333,-116.0508,22.06,11,0,0.94,2021-11-26 21:00:00
Santa Ana,33.7456,-117.8678,28.86,12,1,1.26,2021-11-22 21:00:00
Santa Ana,33.7456,-117.8678,22.23,34,34,2.76,2021-11-23 21:00:00
Santa Ana,33.7456,-117.8678,21.97,35,0,1.75,2021-11-24 21:00:00
Santa Ana,33.7456,-117.8678,24.83,7,0,5.13,2021-11-25 21:00:00
Santa Ana,33.7456,-117.8678,25.74,9,4,2.24,2021-11-26 21:00:00
Corpus Christi,27.8006,-97.3964,22.4,46,75,5.69,2021-11-22 21:00:00
Corpus Christi,27.8006,-97.3964,22.38,53,79,5.89,2021-11-23 21:00:00
Corpus Christi,27.8006,-97.3964,24.33,74,100,8.84,2021-11-24 21:00:00
Corpus Christi,27.8006,-97.3964,24.51,73,96,3.32,2021-11-25 21:00:00
Corpus Christi,27.8006,-97.3964,16.83,64,100,4.93,2021-11-26 21:00:00
Lexington,37.9887,-84.4777,3.47,51,1,5.08,2021-11-22 21:00:00
Lexington,37.9887,-84.4777,5.06,38,9,1.57,2021-11-23 21:00:00
Lexington,37.9887,-84.4777,9.2,59,100,4.82,2021-11-24 21:00:00
Lexington,37.9887,-84.4777,5.72,97,100,4.91,2021-11-25 21:00:00
Lexington,37.9887,-84.4777,3.52,45,13,3.87,2021-11-26 21:00:00
San Juan,-31.5375,-68.5364,33.21,19,0,9.2,2021-11-22 21:00:00
San Juan,-31.5375,-68.5364,32.03,27,7,11.43,2021-11-23 21:00:00
San Juan,-31.5375,-68.5364,27.13,35,0,15.85,2021-11-24 21:00:00
San Juan,-31.5375,-68.5364,33.79,13,0,7.26,2021-11-25 21:00:00
San Juan,-31.5375,-68.5364,35.31,13,0,8.11,2021-11-26 21:00:00
Stockton,37.9577,-121.2908,19.11,71,1,0.56,2021-11-22 21:00:00
Stockton,37.9577,-121.2908,17.21,41,91,4.45,2021-11-23 21:00:00
Stockton,37.9577,-121.2908,16.02,26,52,2.84,2021-11-24 21:00:00
Stockton,37.9577,-121.2908,17.35,33,66,1.11,2021-11-25 21:00:00
Stockton,37.9577,-121.2908,17.96,31,67,2.25,2021-11-26 21:00:00
St. Paul,44.9444,-93.0933,0.07,50,90,2.25,2021-11-22 21:00:00
St. Paul,44.9444,-93.0933,8.38,46,99,6.07,2021-11-23 21:00:00
St. Paul,44.9444,-93.0933,3.9,70,100,6.04,2021-11-24 21:00:00
St. Paul,44.9444,-93.0933,-2.01,34,0,4.18,2021-11-25 21:00:00
St. Paul,44.9444,-93.0933,2.02,37,8,1.75,2021-11-26 21:00:00
Cincinnati,39.162,-84.4569,4.44,45,1,4.13,2021-11-22 21:00:00
Cincinnati,39.162,-84.4569,5.43,32,5,1.83,2021-11-23 21:00:00
Cincinnati,39.162,-84.4569,9.43,50,100,4.67,2021-11-24 21:00:00
Cincinnati,39.162,-84.4569,6.93,96,100,3.04,2021-11-25 21:00:00
Cincinnati,39.162,-84.4569,3.66,35,56,3.31,2021-11-26 21:00:00
Greensboro,36.0726,-79.792,13.09,49,19,5.79,2021-11-22 21:00:00
Greensboro,36.0726,-79.792,7.74,26,3,4.14,2021-11-23 21:00:00
Greensboro,36.0726,-79.792,9.98,31,5,2.34,2021-11-24 21:00:00
Greensboro,36.0726,-79.792,13.57,34,20,3.24,2021-11-25 21:00:00
Greensboro,36.0726,-79.792,7.8,34,1,5.24,2021-11-26 21:00:00
Pittsburgh,40.4406,-79.9959,3.08,54,40,4.56,2021-11-22 21:00:00
Pittsburgh,40.4406,-79.9959,2.75,40,53,2.71,2021-11-23 21:00:00
Pittsburgh,40.4406,-79.9959,7.65,43,100,2.2,2021-11-24 21:00:00
Pittsburgh,40.4406,-79.9959,5.59,87,100,4.35,2021-11-25 21:00:00
Pittsburgh,40.4406,-79.9959,0.89,59,100,5.81,2021-11-26 21:00:00
Irvine,33.6695,-117.8231,28.85,12,1,1.81,2021-11-22 21:00:00
Irvine,33.6695,-117.8231,21.43,41,49,2.73,2021-11-23 21:00:00
Irvine,33.6695,-117.8231,21.17,43,0,1.48,2021-11-24 21:00:00
Irvine,33.6695,-117.8231,23.85,13,0,3.92,2021-11-25 21:00:00
Irvine,33.6695,-117.8231,24.56,14,3,2.06,2021-11-26 21:00:00
St. Louis,38.6273,-90.1979,5.41,37,100,3.48,2021-11-22 21:00:00
St. Louis,38.6273,-90.1979,10.71,36,1,5.44,2021-11-23 21:00:00
St. Louis,38.6273,-90.1979,15.17,51,100,7.21,2021-11-24 21:00:00
St. Louis,38.6273,-90.1979,5.32,49,100,6.83,2021-11-25 21:00:00
St. Louis,38.6273,-90.1979,9.31,28,44,3.89,2021-11-26 21:00:00
Lincoln,40.8,-96.667,9.8,43,1,2.87,2021-11-22 21:00:00
Lincoln,40.8,-96.667,17.51,33,0,8.24,2021-11-23 21:00:00
Lincoln,40.8,-96.667,10.77,38,100,7.74,2021-11-24 21:00:00
Lincoln,40.8,-96.667,3.75,29,0,3.65,2021-11-25 21:00:00
Lincoln,40.8,-96.667,16.84,26,49,3.41,2021-11-26 21:00:00
Orlando,28.5383,-81.3792,23.06,70,1,3.73,2021-11-22 21:00:00
Orlando,28.5383,-81.3792,16.13,43,1,6.34,2021-11-23 21:00:00
Orlando,28.5383,-81.3792,18.58,60,100,4.77,2021-11-24 21:00:00
Orlando,28.5383,-81.3792,21.16,58,77,3.17,2021-11-25 21:00:00
Orlando,28.5383,-81.3792,22.24,45,32,4.09,2021-11-26 21:00:00
Durham,36.0335,-78.8664,12.45,73,75,4.93,2021-11-22 21:00:00
Durham,36.0335,-78.8664,7.85,29,1,4.05,2021-11-23 21:00:00
Durham,36.0335,-78.8664,10.07,34,1,1.56,2021-11-24 21:00:00
Durham,36.0335,-78.8664,14.35,34,41,3.27,2021-11-25 21:00:00
Durham,36.0335,-78.8664,8.6,36,0,5.57,2021-11-26 21:00:00
Plano,33.0198,-96.6989,18.14,30,1,2.48,2021-11-22 21:00:00
Plano,33.0198,-96.6989,19.32,23,26,6.62,2021-11-23 21:00:00
Plano,33.0198,-96.6989,20.45,69,99,6.86,2021-11-24 21:00:00
Plano,33.0198,-96.6989,13.75,35,48,9.17,2021-11-25 21:00:00
Plano,33.0198,-96.6989,12.3,22,100,0.6,2021-11-26 21:00:00
Anchorage,61.2181,-149.9003,-15.04,73,90,3.44,2021-11-22 21:00:00
Anchorage,61.2181,-149.9003,-14.56,85,93,3.08,2021-11-23 21:00:00
Anchorage,61.2181,-149.9003,-13.27,86,88,3.71,2021-11-24 21:00:00
Anchorage,61.2181,-149.9003,-15.27,86,100,3.22,2021-11-25 21:00:00
Anchorage,61.2181,-149.9003,-16.93,88,100,3.04,2021-11-26 21:00:00
Newark,40.7357,-74.1724,8.25,64,75,5.47,2021-11-22 21:00:00
Newark,40.7357,-74.1724,5.36,34,78,5.8,2021-11-23 21:00:00
Newark,40.7357,-74.1724,8.15,34,1,2.81,2021-11-24 21:00:00
Newark,40.7357,-74.1724,10.92,44,80,2.9,2021-11-25 21:00:00
Newark,40.7357,-74.1724,4.96,51,34,7.33,2021-11-26 21:00:00
Chula Vista,32.64,-117.0842,28.23,20,75,1.95,2021-11-22 21:00:00
Chula Vista,32.64,-117.0842,21.36,43,100,3.32,2021-11-23 21:00:00
Chula Vista,32.64,-117.0842,20.43,53,1,2.41,2021-11-24 21:00:00
Chula Vista,32.64,-117.0842,24.84,18,1,5.73,2021-11-25 21:00:00
Chula Vista,32.64,-117.0842,24.68,20,0,2.59,2021-11-26 21:00:00
Fort Wayne,41.1306,-85.1289,1.88,57,40,5.83,2021-11-22 21:00:00
Fort Wayne,41.1306,-85.1289,3.52,39,3,3.47,2021-11-23 21:00:00
Fort Wayne,41.1306,-85.1289,8.33,52,100,7.58,2021-11-24 21:00:00
Fort Wayne,41.1306,-85.1289,5.85,82,100,6.45,2021-11-25 21:00:00
Fort Wayne,41.1306,-85.1289,1.29,52,100,4.67,2021-11-26 21:00:00
Chandler,33.3062,-111.8412,26.58,17,75,3.35,2021-11-22 21:00:00
Chandler,33.3062,-111.8412,25.89,19,97,2.54,2021-11-23 21:00:00
Chandler,33.3062,-111.8412,23.14,20,100,2.57,2021-11-24 21:00:00
Chandler,33.3062,-111.8412,23.7,14,0,3.07,2021-11-25 21:00:00
Chandler,33.3062,-111.8412,23.06,15,0,1.7,2021-11-26 21:00:00
Toledo,39.8333,-4.0,5.97,86,42,0.98,2021-11-22 21:00:00
Toledo,39.8333,-4.0,4.16,86,87,1.14,2021-11-23 21:00:00
Toledo,39.8333,-4.0,5.91,75,100,4.91,2021-11-24 21:00:00
Toledo,39.8333,-4.0,4.95,89,98,3.56,2021-11-25 21:00:00
Toledo,39.8333,-4.0,4.13,85,77,2.72,2021-11-26 21:00:00
St. Petersburg,59.8944,30.2642,-3.96,90,0,2.08,2021-11-22 21:00:00
St. Petersburg,59.8944,30.2642,-1.54,88,98,3.57,2021-11-23 21:00:00
St. Petersburg,59.8944,30.2642,0.36,80,100,2.55,2021-11-24 21:00:00
St. Petersburg,59.8944,30.2642,3.88,96,100,6.27,2021-11-25 21:00:00
St. Petersburg,59.8944,30.2642,-2.51,74,96,4.66,2021-11-26 21:00:00
Reno,39.5296,-119.8138,13.34,41,1,1.05,2021-11-22 21:00:00
Reno,39.5296,-119.8138,11.63,27,0,5.45,2021-11-23 21:00:00
Reno,39.5296,-119.8138,7.51,28,31,1.94,2021-11-24 21:00:00
Reno,39.5296,-119.8138,10.42,23,85,2.0,2021-11-25 21:00:00
Reno,39.5296,-119.8138,13.1,22,87,0.97,2021-11-26 21:00:00
Laredo,27.5064,-99.5075,23.22,27,1,4.02,2021-11-22 21:00:00
Laredo,27.5064,-99.5075,24.14,37,25,6.19,2021-11-23 21:00:00
Laredo,27.5064,-99.5075,25.97,62,98,7.65,2021-11-24 21:00:00
Laredo,27.5064,-99.5075,26.11,59,81,6.96,2021-11-25 21:00:00
Laredo,27.5064,-99.5075,16.78,43,100,3.33,2021-11-26 21:00:00
Scottsdale,33.5092,-111.899,26.56,17,1,3.07,2021-11-22 21:00:00
Scottsdale,33.5092,-111.899,25.08,19,89,2.54,2021-11-23 21:00:00
Scottsdale,33.5092,-111.899,22.6,21,100,2.23,2021-11-24 21:00:00
Scottsdale,33.5092,-111.899,23.81,13,0,3.92,2021-11-25 21:00:00
Scottsdale,33.5092,-111.899,23.7,14,0,1.64,2021-11-26 21:00:00
North Las Vegas,36.1989,-115.1175,19.19,14,1,1.69,2021-11-22 21:00:00
North Las Vegas,36.1989,-115.1175,20.76,14,99,0.86,2021-11-23 21:00:00
North Las Vegas,36.1989,-115.1175,16.93,11,1,7.01,2021-11-24 21:00:00
North Las Vegas,36.1989,-115.1175,16.44,10,0,3.36,2021-11-25 21:00:00
North Las Vegas,36.1989,-115.1175,17.34,9,28,0.98,2021-11-26 21:00:00
Lubbock,33.6001,-101.8338,19.21,23,20,4.85,2021-11-22 21:00:00
Lubbock,33.6001,-101.8338,21.38,24,99,8.89,2021-11-23 21:00:00
Lubbock,33.6001,-101.8338,22.31,26,100,6.75,2021-11-24 21:00:00
Lubbock,33.6001,-101.8338,11.6,22,50,5.89,2021-11-25 21:00:00
Lubbock,33.6001,-101.8338,15.22,23,100,7.5,2021-11-26 21:00:00
Madison,34.7334,-86.5667,9.75,39,1,4.98,2021-11-22 21:00:00
Madison,34.7334,-86.5667,9.65,35,0,1.67,2021-11-23 21:00:00
Madison,34.7334,-86.5667,12.68,43,63,3.98,2021-11-24 21:00:00
Madison,34.7334,-86.5667,12.1,80,98,1.53,2021-11-25 21:00:00
Madison,34.7334,-86.5667,7.8,41,0,2.71,2021-11-26 21:00:00
Gilbert,33.3528,-111.789,26.52,17,75,3.22,2021-11-22 21:00:00
Gilbert,33.3528,-111.789,25.82,19,96,2.89,2021-11-23 21:00:00
Gilbert,33.3528,-111.789,22.98,20,100,2.62,2021-11-24 21:00:00
Gilbert,33.3528,-111.789,23.71,14,0,2.97,2021-11-25 21:00:00
Gilbert,33.3528,-111.789,23.28,15,0,1.52,2021-11-26 21:00:00
Jersey City,40.7282,-74.0776,8.4,64,75,6.02,2021-11-22 21:00:00
Jersey City,40.7282,-74.0776,5.53,34,80,6.43,2021-11-23 21:00:00
Jersey City,40.7282,-74.0776,8.32,33,1,3.0,2021-11-24 21:00:00
Jersey City,40.7282,-74.0776,11.16,43,87,3.08,2021-11-25 21:00:00
Jersey City,40.7282,-74.0776,5.13,51,48,8.0,2021-11-26 21:00:00
Glendale,33.5387,-112.186,26.92,16,1,3.64,2021-11-22 21:00:00
Glendale,33.5387,-112.186,25.05,19,96,1.91,2021-11-23 21:00:00
Glendale,33.5387,-112.186,22.93,22,100,2.77,2021-11-24 21:00:00
Glendale,33.5387,-112.186,23.96,10,0,3.8,2021-11-25 21:00:00
Glendale,33.5387,-112.186,23.24,13,0,1.71,2021-11-26 21:00:00
Buffalo,42.8865,-78.8784,1.97,59,75,6.11,2021-11-22 21:00:00
Buffalo,42.8865,-78.8784,2.05,51,97,3.65,2021-11-23 21:00:00
Buffalo,42.8865,-78.8784,6.65,50,100,4.98,2021-11-24 21:00:00
Buffalo,42.8865,-78.8784,5.87,86,100,5.37,2021-11-25 21:00:00
Buffalo,42.8865,-78.8784,0.32,60,100,8.29,2021-11-26 21:00:00
Winston-Salem,36.0999,-80.2442,13.16,33,1,6.59,2021-11-22 21:00:00
Winston-Salem,36.0999,-80.2442,8.06,25,4,4.27,2021-11-23 21:00:00
Winston-Salem,36.0999,-80.2442,10.03,31,20,2.62,2021-11-24 21:00:00
Winston-Salem,36.0999,-80.2442,13.85,33,17,2.81,2021-11-25 21:00:00
Winston-Salem,36.0999,-80.2442,8.4,32,8,5.03,2021-11-26 21:00:00
Chesapeake,36.819,-76.2749,10.1,88,90,6.68,2021-11-22 21:00:00
Chesapeake,36.819,-76.2749,6.79,33,0,6.25,2021-11-23 21:00:00
Chesapeake,36.819,-76.2749,8.26,30,0,1.36,2021-11-24 21:00:00
Chesapeake,36.819,-76.2749,13.36,39,69,3.55,2021-11-25 21:00:00
Chesapeake,36.819,-76.2749,9.31,31,6,7.59,2021-11-26 21:00:00
Fremont,37.5483,-121.9886,21.31,54,1,0.95,2021-11-22 21:00:00
Fremont,37.5483,-121.9886,17.65,43,100,2.78,2021-11-23 21:00:00
Fremont,37.5483,-121.9886,18.08,20,40,1.71,2021-11-24 21:00:00
Fremont,37.5483,-121.9886,19.01,24,32,1.1,2021-11-25 21:00:00
Fremont,37.5483,-121.9886,19.43,25,82,1.08,2021-11-26 21:00:00
Norfolk,42.1668,-71.2495,9.98,71,75,4.05,2021-11-22 21:00:00
Norfolk,42.1668,-71.2495,2.47,40,6,4.33,2021-11-23 21:00:00
Norfolk,42.1668,-71.2495,3.73,35,5,2.58,2021-11-24 21:00:00
Norfolk,42.1668,-71.2495,8.22,56,98,1.19,2021-11-25 21:00:00
Norfolk,42.1668,-71.2495,3.76,75,100,5.5,2021-11-26 21:00:00
Irving,32.814,-96.9489,18.56,27,20,2.12,2021-11-22 21:00:00
Irving,32.814,-96.9489,20.13,21,22,6.16,2021-11-23 21:00:00
Irving,32.814,-96.9489,21.15,67,99,6.06,2021-11-24 21:00:00
Irving,32.814,-96.9489,14.63,33,49,7.86,2021-11-25 21:00:00
Irving,32.814,-96.9489,13.33,19,100,0.55,2021-11-26 21:00:00
Garland,32.9126,-96.6389,18.46,29,1,2.58,2021-11-22 21:00:00
Garland,32.9126,-96.6389,19.59,23,27,6.57,2021-11-23 21:00:00
Garland,32.9126,-96.6389,20.71,69,99,6.93,2021-11-24 21:00:00
Garland,32.9126,-96.6389,14.08,36,62,8.98,2021-11-25 21:00:00
Garland,32.9126,-96.6389,12.54,22,100,0.56,2021-11-26 21:00:00
Paradise,36.0972,-115.1467,18.67,17,20,1.79,2021-11-22 21:00:00
Paradise,36.0972,-115.1467,21.46,14,99,2.92,2021-11-23 21:00:00
Paradise,36.0972,-115.1467,16.5,11,1,7.36,2021-11-24 21:00:00
Paradise,36.0972,-115.1467,15.57,10,0,3.79,2021-11-25 21:00:00
Paradise,36.0972,-115.1467,16.67,9,19,1.09,2021-11-26 21:00:00
Arlington,32.7357,-97.1081,18.32,28,1,2.19,2021-11-22 21:00:00
Arlington,32.7357,-97.1081,20.07,21,12,6.34,2021-11-23 21:00:00
Arlington,32.7357,-97.1081,21.04,67,98,6.04,2021-11-24 21:00:00
Arlington,32.7357,-97.1081,14.57,32,46,7.74,2021-11-25 21:00:00
Arlington,32.7357,-97.1081,13.43,18,100,0.73,2021-11-26 21:00:00
Richmond,37.5538,-77.4603,11.41,74,75,3.18,2021-11-22 21:00:00
Richmond,37.5538,-77.4603,6.4,28,0,4.1,2021-11-23 21:00:00
Richmond,37.5538,-77.4603,8.98,31,0,1.83,2021-11-24 21:00:00
Richmond,37.5538,-77.4603,13.51,36,15,1.94,2021-11-25 21:00:00
Richmond,37.5538,-77.4603,7.22,31,0,5.72,2021-11-26 21:00:00
Hialeah,25.8576,-80.2781,28.18,69,1,6.38,2021-11-22 21:00:00
Hialeah,25.8576,-80.2781,22.7,31,0,7.41,2021-11-23 21:00:00
Hialeah,25.8576,-80.2781,21.71,60,100,7.2,2021-11-24 21:00:00
Hialeah,25.8576,-80.2781,23.41,58,90,5.69,2021-11-25 21:00:00
Hialeah,25.8576,-80.2781,24.26,49,86,4.88,2021-11-26 21:00:00
Boise,43.6135,-116.2035,10.43,56,1,2.63,2021-11-22 21:00:00
Boise,43.6135,-116.2035,7.24,60,100,7.14,2021-11-23 21:00:00
Boise,43.6135,-116.2035,5.36,49,9,2.05,2021-11-24 21:00:00
Boise,43.6135,-116.2035,9.08,31,46,3.17,2021-11-25 21:00:00
Boise,43.6135,-116.2035,9.88,30,92,0.25,2021-11-26 21:00:00
Spokane,47.6166,-117.3677,5.79,89,90,1.63,2021-11-22 21:00:00
Spokane,47.6166,-117.3677,0.76,100,100,1.49,2021-11-23 21:00:00
Spokane,47.6166,-117.3677,1.91,89,90,1.67,2021-11-24 21:00:00
Spokane,47.6166,-117.3677,0.82,90,100,2.09,2021-11-25 21:00:00
Spokane,47.6166,-117.3677,6.08,87,100,1.76,2021-11-26 21:00:00
Frisco,33.1507,-96.8236,18.03,30,0,2.29,2021-11-22 21:00:00
Frisco,33.1507,-96.8236,19.31,23,16,7.12,2021-11-23 21:00:00
Frisco,33.1507,-96.8236,20.28,69,100,7.31,2021-11-24 21:00:00
Frisco,33.1507,-96.8236,13.51,35,37,9.56,2021-11-25 21:00:00
Frisco,33.1507,-96.8236,12.35,24,100,0.91,2021-11-26 21:00:00
Moreno Valley,33.9375,-117.2306,25.96,13,1,1.19,2021-11-22 21:00:00
Moreno Valley,33.9375,-117.2306,21.51,17,84,2.12,2021-11-23 21:00:00
Moreno Valley,33.9375,-117.2306,22.47,12,2,2.78,2021-11-24 21:00:00
Moreno Valley,33.9375,-117.2306,22.4,5,0,2.71,2021-11-25 21:00:00
Moreno Valley,33.9375,-117.2306,23.13,8,2,1.94,2021-11-26 21:00:00
Tacoma,47.2529,-122.4443,7.13,86,90,1.1,2021-11-22 21:00:00
Tacoma,47.2529,-122.4443,9.7,68,64,4.25,2021-11-23 21:00:00
Tacoma,47.2529,-122.4443,9.27,60,100,1.28,2021-11-24 21:00:00
Tacoma,47.2529,-122.4443,7.37,96,100,1.36,2021-11-25 21:00:00
Tacoma,47.2529,-122.4443,10.73,91,100,2.4,2021-11-26 21:00:00
Fontana,34.0922,-117.4351,26.4,14,1,1.42,2021-11-22 21:00:00
Fontana,34.0922,-117.4351,22.34,18,52,3.47,2021-11-23 21:00:00
Fontana,34.0922,-117.4351,22.45,13,0,3.35,2021-11-24 21:00:00
Fontana,34.0922,-117.4351,21.83,6,0,5.24,2021-11-25 21:00:00
Fontana,34.0922,-117.4351,23.29,7,6,1.57,2021-11-26 21:00:00
Modesto,37.6391,-120.9969,19.53,74,1,0.38,2021-11-22 21:00:00
Modesto,37.6391,-120.9969,18.68,32,68,5.05,2021-11-23 21:00:00
Modesto,37.6391,-120.9969,15.96,26,63,3.29,2021-11-24 21:00:00
Modesto,37.6391,-120.9969,17.61,34,55,1.09,2021-11-25 21:00:00
Modesto,37.6391,-120.9969,17.99,31,53,1.83,2021-11-26 21:00:00
Baton Rouge,30.4508,-91.1545,20.36,55,1,5.01,2021-11-22 21:00:00
Baton Rouge,30.4508,-91.1545,17.16,31,1,1.54,2021-11-23 21:00:00
Baton Rouge,30.4508,-91.1545,21.93,49,79,3.9,2021-11-24 21:00:00
Baton Rouge,30.4508,-91.1545,21.28,63,100,0.53,2021-11-25 21:00:00
Baton Rouge,30.4508,-91.1545,16.49,40,98,3.61,2021-11-26 21:00:00
Port St. Lucie,27.2939,-80.3503,23.36,75,75,7.22,2021-11-22 21:00:00
Port St. Lucie,27.2939,-80.3503,18.78,56,35,8.22,2021-11-23 21:00:00
Port St. Lucie,27.2939,-80.3503,19.69,66,100,6.27,2021-11-24 21:00:00
Port St. Lucie,27.2939,-80.3503,21.62,61,97,3.74,2021-11-25 21:00:00
Port St. Lucie,27.2939,-80.3503,22.53,51,91,3.85,2021-11-26 21:00:00
San Bernardino,34.6667,-116.1675,20.93,12,0,2.58,2021-11-22 21:00:00
San Bernardino,34.6667,-116.1675,21.59,14,100,0.8,2021-11-23 21:00:00
San Bernardino,34.6667,-116.1675,17.76,15,0,9.04,2021-11-24 21:00:00
San Bernardino,34.6667,-116.1675,16.14,9,0,5.18,2021-11-25 21:00:00
San Bernardino,34.6667,-116.1675,18.08,7,1,3.48,2021-11-26 21:00:00
McKinney,33.1976,-96.6153,18.2,30,1,2.65,2021-11-22 21:00:00
McKinney,33.1976,-96.6153,19.19,24,18,7.34,2021-11-23 21:00:00
McKinney,33.1976,-96.6153,20.39,69,100,7.91,2021-11-24 21:00:00
McKinney,33.1976,-96.6153,13.39,36,44,10.11,2021-11-25 21:00:00
McKinney,33.1976,-96.6153,12.39,24,100,0.71,2021-11-26 21:00:00
Fayetteville,35.0527,-78.8784,12.42,86,90,4.7,2021-11-22 21:00:00
Fayetteville,35.0527,-78.8784,8.8,28,1,5.07,2021-11-23 21:00:00
Fayetteville,35.0527,-78.8784,10.61,27,0,0.36,2021-11-24 21:00:00
Fayetteville,35.0527,-78.8784,14.85,28,74,3.88,2021-11-25 21:00:00
Fayetteville,35.0527,-78.8784,11.25,30,0,6.25,2021-11-26 21:00:00
Santa Clarita,34.3917,-118.5426,25.13,12,1,4.78,2021-11-22 21:00:00
Santa Clarita,34.3917,-118.5426,21.9,17,3,3.08,2021-11-23 21:00:00
Santa Clarita,34.3917,-118.5426,22.02,14,2,5.06,2021-11-24 21:00:00
Santa Clarita,34.3917,-118.5426,20.87,8,0,8.08,2021-11-25 21:00:00
Santa Clarita,34.3917,-118.5426,22.42,6,20,4.03,2021-11-26 21:00:00
Des Moines,41.6005,-93.6091,5.16,41,75,2.64,2021-11-22 21:00:00
Des Moines,41.6005,-93.6091,11.48,50,0,7.21,2021-11-23 21:00:00
Des Moines,41.6005,-93.6091,12.77,51,100,4.24,2021-11-24 21:00:00
Des Moines,41.6005,-93.6091,0.7,26,0,5.82,2021-11-25 21:00:00
Des Moines,41.6005,-93.6091,9.1,42,100,2.56,2021-11-26 21:00:00
Oxnard,34.1975,-119.177,27.91,10,1,2.93,2021-11-22 21:00:00
Oxnard,34.1975,-119.177,19.33,44,2,2.84,2021-11-23 21:00:00
Oxnard,34.1975,-119.177,19.43,35,2,2.93,2021-11-24 21:00:00
Oxnard,34.1975,-119.177,21.6,25,9,4.37,2021-11-25 21:00:00
Oxnard,34.1975,-119.177,21.08,29,49,2.08,2021-11-26 21:00:00
Birmingham,33.5207,-86.8025,14.26,44,20,5.03,2021-11-22 21:00:00
Birmingham,33.5207,-86.8025,12.12,28,0,1.7,2021-11-23 21:00:00
Birmingham,33.5207,-86.8025,13.9,31,20,3.26,2021-11-24 21:00:00
Birmingham,33.5207,-86.8025,17.32,59,92,2.95,2021-11-25 21:00:00
Birmingham,33.5207,-86.8025,10.37,31,18,3.48,2021-11-26 21:00:00
Spring Valley,36.108,-115.245,18.05,17,20,1.21,2021-11-22 21:00:00
Spring Valley,36.108,-115.245,20.28,15,98,2.12,2021-11-23 21:00:00
Spring Valley,36.108,-115.245,15.9,11,1,6.72,2021-11-24 21:00:00
Spring Valley,36.108,-115.245,15.05,10,0,2.64,2021-11-25 21:00:00
Spring Valley,36.108,-115.245,16.06,9,22,1.04,2021-11-26 21:00:00
Huntsville,34.7304,-86.5861,10.0,39,1,5.08,2021-11-22 21:00:00
Huntsville,34.7304,-86.5861,9.87,35,0,1.66,2021-11-23 21:00:00
Huntsville,34.7304,-86.5861,12.92,43,64,4.03,2021-11-24 21:00:00
Huntsville,34.7304,-86.5861,12.33,80,98,1.57,2021-11-25 21:00:00
Huntsville,34.7304,-86.5861,8.05,41,0,2.76,2021-11-26 21:00:00
Rochester,43.1548,-77.6156,2.31,62,75,7.22,2021-11-22 21:00:00
Rochester,43.1548,-77.6156,1.24,60,36,5.06,2021-11-23 21:00:00
Rochester,43.1548,-77.6156,5.99,59,99,3.28,2021-11-24 21:00:00
Rochester,43.1548,-77.6156,6.32,87,99,2.56,2021-11-25 21:00:00
Rochester,43.1548,-77.6156,-0.33,82,100,11.85,2021-11-26 21:00:00
Cape Coral,26.5629,-81.9495,24.95,70,75,7.31,2021-11-22 21:00:00
Cape Coral,26.5629,-81.9495,19.58,36,0,6.76,2021-11-23 21:00:00
Cape Coral,26.5629,-81.9495,20.52,58,51,6.22,2021-11-24 21:00:00
Cape Coral,26.5629,-81.9495,23.26,56,62,4.94,2021-11-25 21:00:00
Cape Coral,26.5629,-81.9495,22.82,52,87,5.14,2021-11-26 21:00:00
Tempe,33.4148,-111.9093,26.66,17,40,3.23,2021-11-22 21:00:00
Tempe,33.4148,-111.9093,25.48,19,93,2.3,2021-11-23 21:00:00
Tempe,33.4148,-111.9093,22.96,21,100,2.3,2021-11-24 21:00:00
Tempe,33.4148,-111.9093,23.83,13,0,3.34,2021-11-25 21:00:00
Tempe,33.4148,-111.9093,23.47,15,0,1.74,2021-11-26 21:00:00
Grand Rapids,42.9634,-85.6681,1.22,55,20,6.27,2021-11-22 21:00:00
Grand Rapids,42.9634,-85.6681,3.77,48,9,4.24,2021-11-23 21:00:00
Grand Rapids,42.9634,-85.6681,8.67,51,100,7.62,2021-11-24 21:00:00
Grand Rapids,42.9634,-85.6681,2.94,75,100,6.51,2021-11-25 21:00:00
Grand Rapids,42.9634,-85.6681,0.2,52,100,4.4,2021-11-26 21:00:00
Yonkers,40.9312,-73.8988,8.11,64,1,5.72,2021-11-22 21:00:00
Yonkers,40.9312,-73.8988,4.87,35,45,6.1,2021-11-23 21:00:00
Yonkers,40.9312,-73.8988,7.85,33,1,2.53,2021-11-24 21:00:00
Yonkers,40.9312,-73.8988,10.88,43,84,2.3,2021-11-25 21:00:00
Yonkers,40.9312,-73.8988,4.33,52,69,7.36,2021-11-26 21:00:00
Overland Park,38.9822,-94.6708,8.67,36,1,3.73,2021-11-22 21:00:00
Overland Park,38.9822,-94.6708,15.38,41,0,7.03,2021-11-23 21:00:00
Overland Park,38.9822,-94.6708,16.04,68,100,5.22,2021-11-24 21:00:00
Overland Park,38.9822,-94.6708,4.32,29,1,5.36,2021-11-25 21:00:00
Overland Park,38.9822,-94.6708,13.19,32,7,6.67,2021-11-26 21:00:00
Salt Lake City,40.7608,-111.8911,10.74,47,20,1.36,2021-11-22 21:00:00
Salt Lake City,40.7608,-111.8911,12.7,24,16,2.78,2021-11-23 21:00:00
Salt Lake City,40.7608,-111.8911,3.61,53,67,3.12,2021-11-24 21:00:00
Salt Lake City,40.7608,-111.8911,6.29,35,26,0.35,2021-11-25 21:00:00
Salt Lake City,40.7608,-111.8911,9.16,27,100,1.5,2021-11-26 21:00:00
Amarillo,35.222,-101.8313,19.83,17,1,4.67,2021-11-22 21:00:00
Amarillo,35.222,-101.8313,22.27,19,61,11.3,2021-11-23 21:00:00
Amarillo,35.222,-101.8313,19.35,25,100,6.1,2021-11-24 21:00:00
Amarillo,35.222,-101.8313,9.5,24,6,3.62,2021-11-25 21:00:00
Amarillo,35.222,-101.8313,17.83,12,0,7.55,2021-11-26 21:00:00
Augusta,48.3667,10.8833,3.04,91,90,4.02,2021-11-22 21:00:00
Augusta,48.3667,10.8833,-1.58,90,5,2.79,2021-11-23 21:00:00
Augusta,48.3667,10.8833,-1.35,85,12,1.23,2021-11-24 21:00:00
Augusta,48.3667,10.8833,-0.57,84,99,1.28,2021-11-25 21:00:00
Augusta,48.3667,10.8833,0.49,99,100,1.85,2021-11-26 21:00:00
Columbus,39.9612,-82.9988,3.75,58,40,4.9,2021-11-22 21:00:00
Columbus,39.9612,-82.9988,4.35,34,5,2.3,2021-11-23 21:00:00
Columbus,39.9612,-82.9988,9.09,40,100,4.75,2021-11-24 21:00:00
Columbus,39.9612,-82.9988,6.8,91,100,3.7,2021-11-25 21:00:00
Columbus,39.9612,-82.9988,2.47,46,77,4.54,2021-11-26 21:00:00
Tallahassee,30.4383,-84.2807,21.33,71,40,4.19,2021-11-22 21:00:00
Tallahassee,30.4383,-84.2807,14.34,27,0,3.55,2021-11-23 21:00:00
Tallahassee,30.4383,-84.2807,17.83,38,6,2.11,2021-11-24 21:00:00
Tallahassee,30.4383,-84.2807,20.56,46,16,1.34,2021-11-25 21:00:00
Tallahassee,30.4383,-84.2807,19.09,48,76,3.65,2021-11-26 21:00:00
Montgomery,39.1501,-77.1997,8.51,43,20,5.33,2021-11-22 21:00:00
Montgomery,39.1501,-77.1997,4.2,37,39,4.84,2021-11-23 21:00:00
Montgomery,39.1501,-77.1997,6.6,41,3,1.95,2021-11-24 21:00:00
Montgomery,39.1501,-77.1997,10.28,46,30,1.76,2021-11-25 21:00:00
Montgomery,39.1501,-77.1997,3.18,49,16,7.69,2021-11-26 21:00:00
Huntington Beach,33.6603,-117.9992,28.72,12,1,1.46,2021-11-22 21:00:00
Huntington Beach,33.6603,-117.9992,20.17,47,38,2.55,2021-11-23 21:00:00
Huntington Beach,33.6603,-117.9992,19.29,56,0,1.56,2021-11-24 21:00:00
Huntington Beach,33.6603,-117.9992,22.87,19,0,3.05,2021-11-25 21:00:00
Huntington Beach,33.6603,-117.9992,23.02,20,4,2.91,2021-11-26 21:00:00
Akron,41.0814,-81.519,1.76,56,19,4.94,2021-11-22 21:00:00
Akron,41.0814,-81.519,1.91,41,4,2.87,2021-11-23 21:00:00
Akron,41.0814,-81.519,6.53,48,100,5.26,2021-11-24 21:00:00
Akron,41.0814,-81.519,5.35,95,100,4.42,2021-11-25 21:00:00
Akron,41.0814,-81.519,-0.03,62,100,5.35,2021-11-26 21:00:00
Little Rock,34.7465,-92.2896,13.61,35,75,1.91,2021-11-22 21:00:00
Little Rock,34.7465,-92.2896,15.0,33,0,3.81,2021-11-23 21:00:00
Little Rock,34.7465,-92.2896,18.7,54,97,5.51,2021-11-24 21:00:00
Little Rock,34.7465,-92.2896,8.65,75,100,4.73,2021-11-25 21:00:00
Little Rock,34.7465,-92.2896,10.92,27,65,2.18,2021-11-26 21:00:00
Glendale,33.5387,-112.186,26.92,16,1,3.64,2021-11-22 21:00:00
Glendale,33.5387,-112.186,25.05,19,96,1.91,2021-11-23 21:00:00
Glendale,33.5387,-112.186,22.93,22,100,2.77,2021-11-24 21:00:00
Glendale,33.5387,-112.186,23.96,10,0,3.8,2021-11-25 21:00:00
Glendale,33.5387,-112.186,23.24,13,0,1.71,2021-11-26 21:00:00
Grand Prairie,32.746,-96.9978,18.5,26,1,2.17,2021-11-22 21:00:00
Grand Prairie,32.746,-96.9978,20.14,21,16,6.09,2021-11-23 21:00:00
Grand Prairie,32.746,-96.9978,21.21,67,98,5.94,2021-11-24 21:00:00
Grand Prairie,32.746,-96.9978,14.69,33,51,7.64,2021-11-25 21:00:00
Grand Prairie,32.746,-96.9978,13.49,18,100,0.46,2021-11-26 21:00:00
Aurora,39.7294,-104.8319,19.75,13,20,0.39,2021-11-22 21:00:00
Aurora,39.7294,-104.8319,17.0,9,100,1.83,2021-11-23 21:00:00
Aurora,39.7294,-104.8319,8.01,25,100,3.23,2021-11-24 21:00:00
Aurora,39.7294,-104.8319,10.7,12,0,4.05,2021-11-25 21:00:00
Aurora,39.7294,-104.8319,16.03,19,30,0.93,2021-11-26 21:00:00
Sunrise Manor,36.2111,-115.0731,19.27,14,1,2.11,2021-11-22 21:00:00
Sunrise Manor,36.2111,-115.0731,20.78,13,99,0.94,2021-11-23 21:00:00
Sunrise Manor,36.2111,-115.0731,16.97,11,0,7.19,2021-11-24 21:00:00
Sunrise Manor,36.2111,-115.0731,16.5,10,1,4.16,2021-11-25 21:00:00
Sunrise Manor,36.2111,-115.0731,17.46,9,27,1.06,2021-11-26 21:00:00
Ontario,34.0633,-117.6509,27.04,13,40,1.18,2021-11-22 21:00:00
Ontario,34.0633,-117.6509,22.55,20,34,3.42,2021-11-23 21:00:00
Ontario,34.0633,-117.6509,22.28,19,0,1.32,2021-11-24 21:00:00
Ontario,34.0633,-117.6509,23.05,5,0,3.9,2021-11-25 21:00:00
Ontario,34.0633,-117.6509,24.18,6,7,1.17,2021-11-26 21:00:00
Sioux Falls,43.55,-96.7003,5.79,45,75,2.97,2021-11-22 21:00:00
Sioux Falls,43.55,-96.7003,14.21,33,9,9.03,2021-11-23 21:00:00
Sioux Falls,43.55,-96.7003,1.96,64,100,8.37,2021-11-24 21:00:00
Sioux Falls,43.55,-96.7003,-0.62,32,2,2.2,2021-11-25 21:00:00
Sioux Falls,43.55,-96.7003,9.42,48,89,3.79,2021-11-26 21:00:00
Knoxville,35.9606,-83.9207,9.3,39,1,4.32,2021-11-22 21:00:00
Knoxville,35.9606,-83.9207,7.55,30,3,1.32,2021-11-23 21:00:00
Knoxville,35.9606,-83.9207,11.31,44,99,1.34,2021-11-24 21:00:00
Knoxville,35.9606,-83.9207,12.54,51,46,4.13,2021-11-25 21:00:00
Knoxville,35.9606,-83.9207,7.81,35,0,1.29,2021-11-26 21:00:00
Vancouver,49.2497,-123.1193,6.36,87,90,3.89,2021-11-22 21:00:00
Vancouver,49.2497,-123.1193,7.51,72,13,6.42,2021-11-23 21:00:00
Vancouver,49.2497,-123.1193,6.83,81,100,2.42,2021-11-24 21:00:00
Vancouver,49.2497,-123.1193,5.76,91,100,3.5,2021-11-25 21:00:00
Vancouver,49.2497,-123.1193,9.45,98,100,2.31,2021-11-26 21:00:00
Mobile,30.7835,-88.2,17.7,74,90,4.35,2021-11-22 21:00:00
Mobile,30.7835,-88.2,15.59,29,0,2.57,2021-11-23 21:00:00
Mobile,30.7835,-88.2,18.47,50,53,3.67,2021-11-24 21:00:00
Mobile,30.7835,-88.2,20.49,61,88,2.44,2021-11-25 21:00:00
Mobile,30.7835,-88.2,15.97,31,42,3.54,2021-11-26 21:00:00
Worcester,42.3334,-71.8328,7.05,72,1,4.79,2021-11-22 21:00:00
Worcester,42.3334,-71.8328,0.63,43,28,4.42,2021-11-23 21:00:00
Worcester,42.3334,-71.8328,2.04,39,3,1.95,2021-11-24 21:00:00
Worcester,42.3334,-71.8328,5.45,63,100,1.71,2021-11-25 21:00:00
Worcester,42.3334,-71.8328,1.42,78,100,6.8,2021-11-26 21:00:00
Chattanooga,35.0456,-85.3097,10.41,45,1,4.38,2021-11-22 21:00:00
Chattanooga,35.0456,-85.3097,9.61,34,0,2.07,2021-11-23 21:00:00
Chattanooga,35.0456,-85.3097,11.82,45,83,3.0,2021-11-24 21:00:00
Chattanooga,35.0456,-85.3097,13.82,60,67,2.61,2021-11-25 21:00:00
Chattanooga,35.0456,-85.3097,8.9,36,0,2.66,2021-11-26 21:00:00
Brownsville,25.9018,-97.4975,20.56,62,40,5.1,2021-11-22 21:00:00
Brownsville,25.9018,-97.4975,24.51,52,65,5.64,2021-11-23 21:00:00
Brownsville,25.9018,-97.4975,26.38,68,92,9.12,2021-11-24 21:00:00
Brownsville,25.9018,-97.4975,25.96,69,90,5.65,2021-11-25 21:00:00
Brownsville,25.9018,-97.4975,14.2,74,100,7.75,2021-11-26 21:00:00
Peoria,40.7667,-89.7668,3.01,37,20,4.64,2021-11-22 21:00:00
Peoria,40.7667,-89.7668,7.39,40,7,6.49,2021-11-23 21:00:00
Peoria,40.7667,-89.7668,13.25,53,100,7.02,2021-11-24 21:00:00
Peoria,40.7667,-89.7668,3.0,46,40,7.66,2021-11-25 21:00:00
Peoria,40.7667,-89.7668,4.08,35,100,3.6,2021-11-26 21:00:00
Fort Lauderdale,26.1223,-80.1434,27.27,71,75,7.15,2021-11-22 21:00:00
Fort Lauderdale,26.1223,-80.1434,22.23,43,0,8.2,2021-11-23 21:00:00
Fort Lauderdale,26.1223,-80.1434,21.42,62,100,7.59,2021-11-24 21:00:00
Fort Lauderdale,26.1223,-80.1434,23.7,55,72,5.52,2021-11-25 21:00:00
Fort Lauderdale,26.1223,-80.1434,23.85,50,93,4.75,2021-11-26 21:00:00
Shreveport,32.5251,-93.7502,17.79,38,1,3.07,2021-11-22 21:00:00
Shreveport,32.5251,-93.7502,18.18,28,15,3.37,2021-11-23 21:00:00
Shreveport,32.5251,-93.7502,20.27,59,97,4.68,2021-11-24 21:00:00
Shreveport,32.5251,-93.7502,15.45,92,100,5.94,2021-11-25 21:00:00
Shreveport,32.5251,-93.7502,12.65,30,73,1.68,2021-11-26 21:00:00
Newport News,36.9788,-76.428,10.03,91,90,6.94,2021-11-22 21:00:00
Newport News,36.9788,-76.428,6.76,36,0,7.45,2021-11-23 21:00:00
Newport News,36.9788,-76.428,7.84,33,0,0.91,2021-11-24 21:00:00
Newport News,36.9788,-76.428,13.66,44,63,3.43,2021-11-25 21:00:00
Newport News,36.9788,-76.428,9.02,35,22,9.41,2021-11-26 21:00:00
Providence,41.824,-71.4128,10.35,75,90,4.26,2021-11-22 21:00:00
Providence,41.824,-71.4128,3.3,40,20,4.19,2021-11-23 21:00:00
Providence,41.824,-71.4128,4.48,34,6,2.7,2021-11-24 21:00:00
Providence,41.824,-71.4128,8.65,55,99,2.25,2021-11-25 21:00:00
Providence,41.824,-71.4128,4.24,70,100,6.04,2021-11-26 21:00:00
Elk Grove,38.4088,-121.3716,18.33,68,1,0.73,2021-11-22 21:00:00
Elk Grove,38.4088,-121.3716,16.48,44,70,3.97,2021-11-23 21:00:00
Elk Grove,38.4088,-121.3716,15.7,28,30,2.24,2021-11-24 21:00:00
Elk Grove,38.4088,-121.3716,16.25,33,89,1.42,2021-11-25 21:00:00
Elk Grove,38.4088,-121.3716,17.56,33,54,2.45,2021-11-26 21:00:00
Rancho Cucamonga,34.1064,-117.5931,26.47,14,40,1.03,2021-11-22 21:00:00
Rancho Cucamonga,34.1064,-117.5931,22.17,19,36,3.62,2021-11-23 21:00:00
Rancho Cucamonga,34.1064,-117.5931,21.92,17,0,2.26,2021-11-24 21:00:00
Rancho Cucamonga,34.1064,-117.5931,21.98,6,0,4.88,2021-11-25 21:00:00
Rancho Cucamonga,34.1064,-117.5931,23.56,7,7,1.34,2021-11-26 21:00:00
Salem,11.65,78.1667,22.84,94,100,1.87,2021-11-22 21:00:00
Salem,11.65,78.1667,22.43,95,100,1.67,2021-11-23 21:00:00
Salem,11.65,78.1667,22.4,92,100,1.53,2021-11-24 21:00:00
Salem,11.65,78.1667,22.62,91,97,1.4,2021-11-25 21:00:00
Salem,11.65,78.1667,20.99,92,100,1.36,2021-11-26 21:00:00
Pembroke Pines,26.0032,-80.2239,27.72,72,1,6.85,2021-11-22 21:00:00
Pembroke Pines,26.0032,-80.2239,22.59,34,0,7.6,2021-11-23 21:00:00
Pembroke Pines,26.0032,-80.2239,21.52,61,100,7.19,2021-11-24 21:00:00
Pembroke Pines,26.0032,-80.2239,23.48,56,92,5.62,2021-11-25 21:00:00
Pembroke Pines,26.0032,-80.2239,24.07,48,97,4.92,2021-11-26 21:00:00
Santa Rosa,14.3122,121.1114,26.83,89,19,2.95,2021-11-22 21:00:00
Santa Rosa,14.3122,121.1114,25.35,86,38,3.96,2021-11-23 21:00:00
Santa Rosa,14.3122,121.1114,25.69,86,100,3.96,2021-11-24 21:00:00
Santa Rosa,14.3122,121.1114,25.29,87,86,2.65,2021-11-25 21:00:00
Santa Rosa,14.3122,121.1114,25.1,90,96,2.55,2021-11-26 21:00:00
Eugene,44.0521,-123.0867,14.31,61,20,1.69,2021-11-22 21:00:00
Eugene,44.0521,-123.0867,10.59,77,27,3.36,2021-11-23 21:00:00
Eugene,44.0521,-123.0867,9.6,65,98,1.16,2021-11-24 21:00:00
Eugene,44.0521,-123.0867,14.24,49,100,1.35,2021-11-25 21:00:00
Eugene,44.0521,-123.0867,9.92,93,100,1.27,2021-11-26 21:00:00
Oceanside,33.1959,-117.3795,27.75,24,1,4.63,2021-11-22 21:00:00
Oceanside,33.1959,-117.3795,20.15,51,97,3.51,2021-11-23 21:00:00
Oceanside,33.1959,-117.3795,19.26,62,2,2.7,2021-11-24 21:00:00
Oceanside,33.1959,-117.3795,23.13,23,0,3.07,2021-11-25 21:00:00
Oceanside,33.1959,-117.3795,22.35,28,0,4.44,2021-11-26 21:00:00
Cary,35.7915,-78.7811,11.87,79,75,3.9,2021-11-22 21:00:00
Cary,35.7915,-78.7811,7.62,27,1,4.21,2021-11-23 21:00:00
Cary,35.7915,-78.7811,9.72,31,0,1.53,2021-11-24 21:00:00
Cary,35.7915,-78.7811,13.76,33,73,3.47,2021-11-25 21:00:00
Cary,35.7915,-78.7811,8.9,34,0,5.67,2021-11-26 21:00:00
Fort Collins,40.5853,-105.0844,16.67,21,1,2.45,2021-11-22 21:00:00
Fort Collins,40.5853,-105.0844,17.48,9,100,2.63,2021-11-23 21:00:00
Fort Collins,40.5853,-105.0844,8.87,17,27,6.27,2021-11-24 21:00:00
Fort Collins,40.5853,-105.0844,9.85,13,0,3.04,2021-11-25 21:00:00
Fort Collins,40.5853,-105.0844,16.31,18,64,1.53,2021-11-26 21:00:00
Corona,33.8753,-117.5664,27.97,17,1,0.58,2021-11-22 21:00:00
Corona,33.8753,-117.5664,23.39,21,49,3.21,2021-11-23 21:00:00
Corona,33.8753,-117.5664,23.41,17,0,1.89,2021-11-24 21:00:00
Corona,33.8753,-117.5664,23.75,5,0,4.41,2021-11-25 21:00:00
Corona,33.8753,-117.5664,25.17,7,5,1.41,2021-11-26 21:00:00
Enterprise,36.0252,-115.2419,17.76,18,20,2.0,2021-11-22 21:00:00
Enterprise,36.0252,-115.2419,20.77,15,100,4.23,2021-11-23 21:00:00
Enterprise,36.0252,-115.2419,15.53,11,1,7.2,2021-11-24 21:00:00
Enterprise,36.0252,-115.2419,14.23,11,0,4.14,2021-11-25 21:00:00
Enterprise,36.0252,-115.2419,15.55,9,13,1.5,2021-11-26 21:00:00
Garden Grove,33.7739,-117.9415,28.83,11,20,0.92,2021-11-22 21:00:00
Garden Grove,33.7739,-117.9415,21.91,34,26,2.71,2021-11-23 21:00:00
Garden Grove,33.7739,-117.9415,21.22,40,0,1.88,2021-11-24 21:00:00
Garden Grove,33.7739,-117.9415,24.76,8,0,4.32,2021-11-25 21:00:00
Garden Grove,33.7739,-117.9415,25.18,9,5,2.36,2021-11-26 21:00:00
Springfield,37.2153,-93.2982,11.04,30,1,1.46,2021-11-22 21:00:00
Springfield,37.2153,-93.2982,15.34,42,0,5.44,2021-11-23 21:00:00
Springfield,37.2153,-93.2982,15.76,74,100,8.01,2021-11-24 21:00:00
Springfield,37.2153,-93.2982,5.83,44,79,6.97,2021-11-25 21:00:00
Springfield,37.2153,-93.2982,10.58,37,0,6.01,2021-11-26 21:00:00
Clarksville,36.5298,-87.3595,6.15,46,1,4.39,2021-11-22 21:00:00
Clarksville,36.5298,-87.3595,8.81,38,0,1.43,2021-11-23 21:00:00
Clarksville,36.5298,-87.3595,12.38,51,99,5.84,2021-11-24 21:00:00
Clarksville,36.5298,-87.3595,9.44,97,100,3.07,2021-11-25 21:00:00
Clarksville,36.5298,-87.3595,7.04,36,0,2.05,2021-11-26 21:00:00
Bayamon,18.3986,-66.1557,28.2,72,75,3.52,2021-11-22 21:00:00
Bayamon,18.3986,-66.1557,26.96,76,82,1.05,2021-11-23 21:00:00
Bayamon,18.3986,-66.1557,26.76,74,36,3.01,2021-11-24 21:00:00
Bayamon,18.3986,-66.1557,24.59,87,97,3.56,2021-11-25 21:00:00
Bayamon,18.3986,-66.1557,24.6,85,37,3.77,2021-11-26 21:00:00
Lakewood,39.7047,-105.0814,19.53,13,0,1.17,2021-11-22 21:00:00
Lakewood,39.7047,-105.0814,17.13,12,100,2.22,2021-11-23 21:00:00
Lakewood,39.7047,-105.0814,6.24,47,100,3.44,2021-11-24 21:00:00
Lakewood,39.7047,-105.0814,10.06,21,0,2.82,2021-11-25 21:00:00
Lakewood,39.7047,-105.0814,15.74,24,21,0.62,2021-11-26 21:00:00
Alexandria,31.2156,29.9553,19.73,77,40,1.23,2021-11-22 21:00:00
Alexandria,31.2156,29.9553,19.77,66,100,2.19,2021-11-23 21:00:00
Alexandria,31.2156,29.9553,19.12,68,51,1.41,2021-11-24 21:00:00
Alexandria,31.2156,29.9553,19.23,70,4,2.8,2021-11-25 21:00:00
Alexandria,31.2156,29.9553,17.99,70,0,3.2,2021-11-26 21:00:00
Hayward,37.6688,-122.0808,20.38,53,1,0.95,2021-11-22 21:00:00
Hayward,37.6688,-122.0808,16.75,49,100,2.66,2021-11-23 21:00:00
Hayward,37.6688,-122.0808,17.35,25,34,1.65,2021-11-24 21:00:00
Hayward,37.6688,-122.0808,18.14,29,56,1.21,2021-11-25 21:00:00
Hayward,37.6688,-122.0808,18.78,28,73,1.26,2021-11-26 21:00:00
Murfreesboro,35.8456,-86.3903,7.5,42,1,4.83,2021-11-22 21:00:00
Murfreesboro,35.8456,-86.3903,8.3,37,0,1.33,2021-11-23 21:00:00
Murfreesboro,35.8456,-86.3903,11.54,52,100,5.2,2021-11-24 21:00:00
Murfreesboro,35.8456,-86.3903,8.76,93,100,3.7,2021-11-25 21:00:00
Murfreesboro,35.8456,-86.3903,6.75,40,0,2.36,2021-11-26 21:00:00
Killeen,31.1171,-97.7278,19.35,21,1,3.92,2021-11-22 21:00:00
Killeen,31.1171,-97.7278,18.86,30,99,6.54,2021-11-23 21:00:00
Killeen,31.1171,-97.7278,21.26,74,100,6.66,2021-11-24 21:00:00
Killeen,31.1171,-97.7278,15.65,52,80,10.35,2021-11-25 21:00:00
Killeen,31.1171,-97.7278,13.56,27,100,1.42,2021-11-26 21:00:00
Hollywood,34.0983,-118.3267,27.7,13,1,1.72,2021-11-22 21:00:00
Hollywood,34.0983,-118.3267,22.43,24,2,2.15,2021-11-23 21:00:00
Hollywood,34.0983,-118.3267,22.25,26,1,1.47,2021-11-24 21:00:00
Hollywood,34.0983,-118.3267,23.41,8,0,1.48,2021-11-25 21:00:00
Hollywood,34.0983,-118.3267,24.64,6,15,1.74,2021-11-26 21:00:00
Lancaster,40.2504,-76.2499,6.32,49,1,5.59,2021-11-22 21:00:00
Lancaster,40.2504,-76.2499,3.33,46,75,4.61,2021-11-23 21:00:00
Lancaster,40.2504,-76.2499,4.21,56,10,1.66,2021-11-24 21:00:00
Lancaster,40.2504,-76.2499,7.99,66,94,1.41,2021-11-25 21:00:00
Lancaster,40.2504,-76.2499,2.64,60,68,9.71,2021-11-26 21:00:00
Salinas,36.6777,-121.6555,25.2,28,1,1.43,2021-11-22 21:00:00
Salinas,36.6777,-121.6555,18.54,36,55,2.52,2021-11-23 21:00:00
Salinas,36.6777,-121.6555,20.82,20,96,2.18,2021-11-24 21:00:00
Salinas,36.6777,-121.6555,23.02,19,38,1.08,2021-11-25 21:00:00
Salinas,36.6777,-121.6555,22.15,22,97,1.85,2021-11-26 21:00:00
Jackson,42.4165,-122.8345,16.58,31,0,0.58,2021-11-22 21:00:00
Jackson,42.4165,-122.8345,9.3,61,83,1.97,2021-11-23 21:00:00
Jackson,42.4165,-122.8345,11.23,43,83,0.48,2021-11-24 21:00:00
Jackson,42.4165,-122.8345,14.47,32,100,0.61,2021-11-25 21:00:00
Jackson,42.4165,-122.8345,13.2,43,99,0.43,2021-11-26 21:00:00
Midland,31.9974,-102.0779,18.4,23,1,3.5,2021-11-22 21:00:00
Midland,31.9974,-102.0779,20.31,26,100,9.11,2021-11-23 21:00:00
Midland,31.9974,-102.0779,22.81,24,100,8.38,2021-11-24 21:00:00
Midland,31.9974,-102.0779,13.23,26,8,8.74,2021-11-25 21:00:00
Midland,31.9974,-102.0779,14.79,20,100,5.41,2021-11-26 21:00:00
Macon County,39.8667,-88.9668,2.82,35,75,4.6,2021-11-22 21:00:00
Macon County,39.8667,-88.9668,7.23,38,6,5.91,2021-11-23 21:00:00
Macon County,39.8667,-88.9668,11.91,53,100,8.55,2021-11-24 21:00:00
Macon County,39.8667,-88.9668,4.32,55,97,7.41,2021-11-25 21:00:00
Macon County,39.8667,-88.9668,4.45,35,96,4.35,2021-11-26 21:00:00
Kansas City,39.0997,-94.5786,8.82,34,1,3.55,2021-11-22 21:00:00
Kansas City,39.0997,-94.5786,15.58,42,0,6.91,2021-11-23 21:00:00
Kansas City,39.0997,-94.5786,16.27,67,100,5.16,2021-11-24 21:00:00
Kansas City,39.0997,-94.5786,4.44,29,1,5.47,2021-11-25 21:00:00
Kansas City,39.0997,-94.5786,13.48,33,10,6.51,2021-11-26 21:00:00
Palmdale,34.5794,-118.1165,19.0,15,1,3.92,2021-11-22 21:00:00
Palmdale,34.5794,-118.1165,19.95,18,3,6.54,2021-11-23 21:00:00
Palmdale,34.5794,-118.1165,17.26,17,1,5.7,2021-11-24 21:00:00
Palmdale,34.5794,-118.1165,16.18,10,1,7.7,2021-11-25 21:00:00
Palmdale,34.5794,-118.1165,16.75,9,12,3.47,2021-11-26 21:00:00
Sunnyvale,37.3688,-122.0363,21.56,49,1,1.12,2021-11-22 21:00:00
Sunnyvale,37.3688,-122.0363,17.67,46,96,3.04,2021-11-23 21:00:00
Sunnyvale,37.3688,-122.0363,17.75,22,47,1.95,2021-11-24 21:00:00
Sunnyvale,37.3688,-122.0363,19.4,25,35,1.11,2021-11-25 21:00:00
Sunnyvale,37.3688,-122.0363,19.05,29,90,1.12,2021-11-26 21:00:00
Springfield,37.2153,-93.2982,11.04,30,1,1.46,2021-11-22 21:00:00
Springfield,37.2153,-93.2982,15.34,42,0,5.44,2021-11-23 21:00:00
Springfield,37.2153,-93.2982,15.76,74,100,8.01,2021-11-24 21:00:00
Springfield,37.2153,-93.2982,5.83,44,79,6.97,2021-11-25 21:00:00
Springfield,37.2153,-93.2982,10.58,37,0,6.01,2021-11-26 21:00:00
Escondido,33.1192,-117.0864,27.68,16,1,2.18,2021-11-22 21:00:00
Escondido,33.1192,-117.0864,21.65,32,100,4.03,2021-11-23 21:00:00
Escondido,33.1192,-117.0864,21.32,42,2,3.12,2021-11-24 21:00:00
Escondido,33.1192,-117.0864,24.97,10,0,3.72,2021-11-25 21:00:00
Escondido,33.1192,-117.0864,26.07,14,0,1.8,2021-11-26 21:00:00
Pomona,34.0553,-117.7523,27.37,13,1,1.7,2021-11-22 21:00:00
Pomona,34.0553,-117.7523,22.61,21,28,3.31,2021-11-23 21:00:00
Pomona,34.0553,-117.7523,22.09,23,0,0.85,2021-11-24 21:00:00
Pomona,34.0553,-117.7523,23.74,5,0,2.54,2021-11-25 21:00:00
Pomona,34.0553,-117.7523,24.66,5,7,1.08,2021-11-26 21:00:00
Bellevue,47.6104,-122.2007,8.27,76,90,2.76,2021-11-22 21:00:00
Bellevue,47.6104,-122.2007,7.24,88,100,0.93,2021-11-23 21:00:00
Bellevue,47.6104,-122.2007,8.66,65,100,2.05,2021-11-24 21:00:00
Bellevue,47.6104,-122.2007,7.05,94,100,2.33,2021-11-25 21:00:00
Bellevue,47.6104,-122.2007,11.78,88,100,3.74,2021-11-26 21:00:00
Surprise,33.6306,-112.3332,26.99,16,1,3.75,2021-11-22 21:00:00
Surprise,33.6306,-112.3332,24.8,20,97,2.09,2021-11-23 21:00:00
Surprise,33.6306,-112.3332,22.71,22,100,2.63,2021-11-24 21:00:00
Surprise,33.6306,-112.3332,23.92,9,0,5.44,2021-11-25 21:00:00
Surprise,33.6306,-112.3332,23.81,13,0,1.92,2021-11-26 21:00:00
Naperville,41.7859,-88.1473,1.72,33,1,4.91,2021-11-22 21:00:00
Naperville,41.7859,-88.1473,5.19,39,20,5.38,2021-11-23 21:00:00
Naperville,41.7859,-88.1473,10.35,54,100,7.27,2021-11-24 21:00:00
Naperville,41.7859,-88.1473,3.41,58,100,5.93,2021-11-25 21:00:00
Naperville,41.7859,-88.1473,-0.24,31,100,1.88,2021-11-26 21:00:00
Pasadena,29.6911,-95.2091,21.2,49,20,5.02,2021-11-22 21:00:00
Pasadena,29.6911,-95.2091,19.37,42,76,4.46,2021-11-23 21:00:00
Pasadena,29.6911,-95.2091,21.73,70,100,5.25,2021-11-24 21:00:00
Pasadena,29.6911,-95.2091,18.55,96,100,3.96,2021-11-25 21:00:00
Pasadena,29.6911,-95.2091,15.48,49,100,3.38,2021-11-26 21:00:00
Denton,33.2001,-97.1336,18.14,33,1,2.08,2021-11-22 21:00:00
Denton,33.2001,-97.1336,19.66,23,11,7.73,2021-11-23 21:00:00
Denton,33.2001,-97.1336,20.43,68,100,7.66,2021-11-24 21:00:00
Denton,33.2001,-97.1336,13.52,35,33,9.73,2021-11-25 21:00:00
Denton,33.2001,-97.1336,12.85,25,100,1.6,2021-11-26 21:00:00
Roseville,38.7521,-121.288,18.3,63,1,0.8,2021-11-22 21:00:00
Roseville,38.7521,-121.288,16.32,42,40,2.88,2021-11-23 21:00:00
Roseville,38.7521,-121.288,15.51,28,22,1.4,2021-11-24 21:00:00
Roseville,38.7521,-121.288,16.11,28,84,0.92,2021-11-25 21:00:00
Roseville,38.7521,-121.288,17.38,34,70,1.77,2021-11-26 21:00:00
Joliet,41.525,-88.0817,2.14,37,1,5.08,2021-11-22 21:00:00
Joliet,41.525,-88.0817,5.5,41,17,5.37,2021-11-23 21:00:00
Joliet,41.525,-88.0817,10.85,54,100,7.53,2021-11-24 21:00:00
Joliet,41.525,-88.0817,4.08,58,100,5.93,2021-11-25 21:00:00
Joliet,41.525,-88.0817,0.42,32,100,1.8,2021-11-26 21:00:00
Thornton,39.868,-104.9719,19.16,16,20,1.09,2021-11-22 21:00:00
Thornton,39.868,-104.9719,17.65,10,100,5.13,2021-11-23 21:00:00
Thornton,39.868,-104.9719,8.46,25,100,4.68,2021-11-24 21:00:00
Thornton,39.868,-104.9719,10.54,13,0,3.84,2021-11-25 21:00:00
Thornton,39.868,-104.9719,15.42,19,34,1.76,2021-11-26 21:00:00
McAllen,26.2034,-98.23,22.47,51,1,4.54,2021-11-22 21:00:00
McAllen,26.2034,-98.23,25.33,46,17,4.11,2021-11-23 21:00:00
McAllen,26.2034,-98.23,27.48,61,90,8.01,2021-11-24 21:00:00
McAllen,26.2034,-98.23,27.38,60,62,4.38,2021-11-25 21:00:00
McAllen,26.2034,-98.23,14.85,60,100,4.75,2021-11-26 21:00:00
Paterson,40.9168,-74.1718,7.8,64,40,5.21,2021-11-22 21:00:00
Paterson,40.9168,-74.1718,4.41,39,57,5.37,2021-11-23 21:00:00
Paterson,40.9168,-74.1718,7.05,40,0,2.15,2021-11-24 21:00:00
Paterson,40.9168,-74.1718,10.05,52,79,2.19,2021-11-25 21:00:00
Paterson,40.9168,-74.1718,3.73,56,37,7.03,2021-11-26 21:00:00
Rockford,42.2711,-89.094,1.43,25,20,5.66,2021-11-22 21:00:00
Rockford,42.2711,-89.094,6.31,36,45,6.43,2021-11-23 21:00:00
Rockford,42.2711,-89.094,11.53,54,100,7.29,2021-11-24 21:00:00
Rockford,42.2711,-89.094,1.62,54,100,6.83,2021-11-25 21:00:00
Rockford,42.2711,-89.094,-0.05,35,100,4.1,2021-11-26 21:00:00
Carrollton,32.9537,-96.8903,18.38,30,1,2.14,2021-11-22 21:00:00
Carrollton,32.9537,-96.8903,19.89,21,28,6.42,2021-11-23 21:00:00
Carrollton,32.9537,-96.8903,20.86,68,99,6.39,2021-11-24 21:00:00
Carrollton,32.9537,-96.8903,14.25,34,43,8.52,2021-11-25 21:00:00
Carrollton,32.9537,-96.8903,12.84,21,100,0.71,2021-11-26 21:00:00
Bridgeport,41.167,-73.2048,9.01,70,1,5.62,2021-11-22 21:00:00
Bridgeport,41.167,-73.2048,4.64,40,19,6.42,2021-11-23 21:00:00
Bridgeport,41.167,-73.2048,6.23,39,1,3.32,2021-11-24 21:00:00
Bridgeport,41.167,-73.2048,9.91,52,100,3.31,2021-11-25 21:00:00
Bridgeport,41.167,-73.2048,4.1,61,47,9.03,2021-11-26 21:00:00
Miramar,25.9873,-80.2323,27.81,72,1,6.79,2021-11-22 21:00:00
Miramar,25.9873,-80.2323,22.65,34,0,7.53,2021-11-23 21:00:00
Miramar,25.9873,-80.2323,21.54,61,100,7.16,2021-11-24 21:00:00
Miramar,25.9873,-80.2323,23.48,56,92,5.62,2021-11-25 21:00:00
Miramar,25.9873,-80.2323,24.13,48,97,4.91,2021-11-26 21:00:00
Round Rock,30.5083,-97.6789,19.94,30,1,4.63,2021-11-22 21:00:00
Round Rock,30.5083,-97.6789,19.1,32,100,5.88,2021-11-23 21:00:00
Round Rock,30.5083,-97.6789,22.07,75,100,6.31,2021-11-24 21:00:00
Round Rock,30.5083,-97.6789,16.98,56,50,10.46,2021-11-25 21:00:00
Round Rock,30.5083,-97.6789,13.98,31,100,2.34,2021-11-26 21:00:00
Metairie,29.9841,-90.1528,19.38,76,90,5.49,2021-11-22 21:00:00
Metairie,29.9841,-90.1528,15.09,36,0,2.49,2021-11-23 21:00:00
Metairie,29.9841,-90.1528,21.15,53,89,4.09,2021-11-24 21:00:00
Metairie,29.9841,-90.1528,22.1,58,50,2.93,2021-11-25 21:00:00
Metairie,29.9841,-90.1528,17.31,47,66,3.33,2021-11-26 21:00:00
Olathe,38.8814,-94.8191,8.98,37,1,3.89,2021-11-22 21:00:00
Olathe,38.8814,-94.8191,15.52,42,0,7.56,2021-11-23 21:00:00
Olathe,38.8814,-94.8191,16.45,67,100,5.43,2021-11-24 21:00:00
Olathe,38.8814,-94.8191,4.65,29,3,5.61,2021-11-25 21:00:00
Olathe,38.8814,-94.8191,13.45,33,6,6.99,2021-11-26 21:00:00
Waco,31.5493,-97.1467,19.57,26,1,3.76,2021-11-22 21:00:00
Waco,31.5493,-97.1467,19.67,29,84,6.91,2021-11-23 21:00:00
Waco,31.5493,-97.1467,21.21,75,100,6.99,2021-11-24 21:00:00
Waco,31.5493,-97.1467,15.51,51,92,10.0,2021-11-25 21:00:00
Waco,31.5493,-97.1467,13.52,27,100,1.67,2021-11-26 21:00:00
